player,Instagram Ranking,followers,ATP Ranking,Country,Link to Profile
Rafael Nadal,1,6434996,2,Spain,https://www.instagram.com/rafaelnadal
Roger Federer,2,5804947,6,Switzerland,https://www.instagram.com/rogerfederer/
Novak Djokovic,3,5100000,1,Serbia,https://www.instagram.com/djokernole
Juan Martin del Potro,4,1815226,4,Argentina,https://www.instagram.com/delpotrojuan/
Andy Murray,5,1700000,223,UK,https://www.instagram.com/andymurray
Nick Kyrgios,6,1037846,66,Australia,https://www.instagram.com/k1ngkyrg1os/
Stanislas Wawrinka,7,913567,57,Switzerland,https://www.instagram.com/stanwawrinka85/
Grigor Dimitrov,8,854606,24,Bulgaria,https://www.instagram.com/grigordimitrov/
Alexander Zverev,9,72686,3,Germany,https://www.instagram.com/alexzverev123/
Dominic Thiem,10,556312,8,Austria,https://www.instagram.com/domithiem/
Kei Nishikori,11,476388,7,Japan,https://www.instagram.com/keinishikori/
Stefanos Tsitsipas,12,453918,12,Greece,https://www.instagram.com/stefanostsitsipas98/
Gael Monfils,13,449125,33,France,https://www.instagram.com/iamgaelmonfils/
Tomas Berdych,14,37888,79,Czech Republic,https://www.instagram.com/tomasberdych/
Milos Raonic,15,377705,14,Canada,https://www.instagram.com/mraonic/
Fabio Fognini,16,346323,15,Italy,https://www.instagram.com/fabiofogna/
Diego Schwartzman,17,291137,20,Argentina,https://www.instagram.com/dieschwartzman/
Denis Shapovalov,18,270249,25,Canada,https://www.instagram.com/denis.shapovalov/
Fernando Verdasco,19,254922,26,Spain,https://www.instagram.com/FerVerdasco/
David Goffin,20,24489,21,Belgium,https://www.instagram.com/David__Goffin/
Feliciano Lopez,21,201889,62,Spain,https://www.instagram.com/felilopezoficial/
Borna Coric,22,196635,13,Croatia,https://www.instagram.com/bornacoric/
Marin Čilić,23,181546,10,Croatia,https://www.instagram.com/marincilic/
John Isner,24,169332,9,United States,https://www.instagram.com/johnrisner/
Lucas Pouille,25,167432,17,France,https://www.instagram.com/lucaspouille/
Benoit Paire,26,13825,58,France,https://www.instagram.com/benpaire/
Richard Gasquet,27,137522,27,France,https://www.instagram.com/richardgasquet34/
Hyeon Chung,28,135265,50,South Korea,https://www.instagram.com/hyeon519/
Kevin Anderson,29,133952,5,South Africa,https://www.instagram.com/kandersonatp/
Karen Khachanov,30,130822,11,Russia,https://www.instagram.com/karenkhachanov/
Alex De Minaur,31,117002,28,Australia,https://www.instagram.com/alexdeminaur/
Frances Tiafoe,32,10509,30,United States,https://www.instagram.com/bigfoe1998/
Marco Cecchinato,33,100922,19,Italy,https://www.instagram.com/ceck1/
Guido Pella,34,74338,59,Argentina,https://www.instagram.com/guido_pella/
Pierre-Hugues Herbert,35,74265,44,France,https://www.instagram.com/pierrehuguesherbert/
Kyle Edmund,36,73052,29,Great Britain,https://www.instagram.com/kyle.edmund/
Vasek Pospisil,37,72383,94,Canada,https://www.instagram.com/vasek.pospisil/
Taylor Fritz,38,70988,40,United States,https://www.instagram.com/Taylor_Fritz/
Nico Jarry,39,68747,41,Chile,https://www.instagram.com/nicojarry/
Jeremy Chardy,40,63412,35,France,https://www.instagram.com/jimchardy/
Pablo Carreño,41,60953,23,Spain,https://www.instagram.com/pablo_carreno_/
João Sousa,42,53648,39,Portugal,https://www.instagram.com/joaosousaoficial/
Andreas Seppi,43,5275,37,Italy,https://instagram.com/andyseppio
Roberto Bautista Agut,44,46046,18,Spain,https://www.instagram.com/robertobautistaagut/
Mischa Zverev,45,43073,67,Germany,https://www.instagram.com/mischazverevofficial/
Medvedev Daniil,46,39729,16,Russia,https://www.instagram.com/medwed33/
Pablo Cuevas,47,39296,92,Uruguay,https://www.instagram.com/pablocuevas86/
Malek Jaziri,48,37564,43,Tunisia,https://www.instagram.com/jazirimalek/
Cristian Garin,49,36636,95,Chile,https://www.instagram.com/garincris/
Nikoloz Basilashvili,50,36601,22,Georgia,https://www.instagram.com/nikolozbasilashvili/
Damir Dzumhur,51,36139,52,Bosnia-Herzegovina,https://www.instagram.com/damirdzumhur/
Sam Querrey,52,30487,48,United States,https://www.instagram.com/samquerrey/
Ivo Karlovic,53,28953,78,Croatia,https://www.instagram.com/ivokarlovic/
John Millman,54,27252,36,Australia,https://www.instagram.com/johnnyhm/
Steve Johnson,55,23164,34,United States,https://www.instagram.com/steviej345/
Fucsovics Marton,56,22873,47,Hungary,https://www.instagram.com/fucsovicsmarci/
Filip Krajinović,57,21831,72,Serbia,https://www.instagram.com/krajinovic_filip/
Matt Ebden,58,21401,45,Australia,https://www.instagram.com/matt_ebden/
Ryan Harrison,59,21375,93,United States,https://www.instagram.com/ryan.harrison92/
Pablo Andujar,60,19185,82,Spain,https://www.instagram.com/pabloandujaroficial/
Matteo Berrettini,61,1833,53,Italy,https://www.instagram.com/matberrettini
Taro Daniel,62,17273,69,Japan,https://www.instagram.com/tarodaniel/
Marius Copil,63,16386,56,Romania,https://www.instagram.com/marius_copil/
Jaume Muna,64,16233,81,Spain,https://www.instagram.com/munarclar/
Albert Ramos Viñolas,65,15872,71,Spain,https://www.instagram.com/albertramosvinolas/
Robin Haase,66,14644,54,Netherlands,https://www.instagram.com/robin_haase/
Dusan Lajovic,67,14362,42,Serbia,https://www.instagram.com/dutzee/
Denis Kudla,68,13881,63,United States,https://www.instagram.com/deniskudla/
Mackenzie McDonald,69,13489,91,United States,https://www.instagram.com/mackiemacster/
Cameron Norrie,70,13438,64,Great Britain,https://www.instagram.com/norriee/
Federico Delbonis,71,12192,77,Argentina,https://www.instagram.com/FedeDelbonis
Aljaz Bedene,72,11598,65,Slovenia,https://www.instagram.com/aljazbedene/
Jordan Thompson,73,11272,60,Australia,https://www.instagram.com/jordanthompson2004/
Reilly Opelka,74,1079,98,United States,https://www.instagram.com/reillyopelka/
Yoshihito Nishioka,75,9976,68,Japan,https://www.instagram.com/yoshihito0927/
Adrian Mannarino,76,9421,46,France,https://www.instagram.com/AdrianMannarino/
Thomas Fabbiano,77,8893,84,Italy,https://www.instagram.com/thommy_fabs/
Jiri Vesely,78,8597,97,Czech Republic,https://www.instagram.com/veselyjiri/
Maximilian Marterer,79,8206,76,Germany,https://www.instagram.com/maxi_marterer/
Tennys Sandgren,80,679,75,United States,https://www.instagram.com/tsandgren7
Bernard Tomic,81,5655,85,Australia,https://www.instagram.com/bernard_tomic
Evgeny Donskoy,82,5103,96,Russia,https://www.instagram.com/edonskoy/
Guido Andreozzi,83,4662,70,Argentina,https://www.instagram.com/guidoandreozzi/
Mirza Basic,84,4347,99,Bosnia-Herzegovina,https://www.instagram.com/mirzabasic91/
Hubert Hurkacz,85,371,73,Poland,https://www.instagram.com/HubiHurkacz/
Roberto Carballes Baena,86,3635,74,Spain,https://www.instagram.com/robertocarballes/
Ugo Humbert,87,3582,86,France,https://www.instagram.com/ugohumbert
Mikhail Kukushkin,88,3186,55,Kazakhstan,https://www.instagram.com/kukushkin_mikhail/
Laslo Djere,89,3022,88,Serbia,https://www.instagram.com/lacidj_95/
Peter Gojowczyk,90,2502,61,Germany,https://www.instagram.com/peter.gojowczyk/
Ilya Ivashka,91,2378,80,Belarus,https://www.instagram.com/ilyaivashka/
Lloyd Harris,92,2359,100,South Africa,https://www.instagram.com/lloydharris24/
Martin Klizan,93,2159,38,Slovakia,https://www.instagram.com/martinklizan_official/
Bradley Klahn,94,1513,87,United States,https://www.instagram.com/bradleyklahn/
Radu Albot,95,1338,90,Moldova,https://www.instagram.com/radu.albot11/
Jozef Kovalik,96,1324,89,Slovakia,https://www.instagram.com/jozefkovalik/
Ernests Gulbis,97,1001,83,Latvia,https://www.instagram.com/ernestsgulbiss
